<?xml version="1.0" encoding="UTF-8"?>
<project-private xmlns="http://www.netbeans.org/ns/project-private/1">
    <editor-bookmarks xmlns="http://www.netbeans.org/ns/editor-bookmarks/2" lastBookmarkId="0"/>
    <open-files xmlns="http://www.netbeans.org/ns/projectui-open-files/2">
        <group>
            <file>file:/C:/Users/Tomaz/OneDrive/Tomaz/_Docs/@Archive/2015s2/MACK-LP2-teoria-22-projeto-tutoriado/netbeans/LP2Teoria22/src/java/gerenciador/controle/ListarController.java</file>
            <file>file:/C:/Users/Tomaz/OneDrive/Tomaz/_Docs/@Archive/2015s2/MACK-LP2-teoria-22-projeto-tutoriado/netbeans/LP2Teoria22/src/java/gerenciador/servlets/FrontControllerServlet.java</file>
            <file>file:/C:/Users/Tomaz/OneDrive/Tomaz/_Docs/@Archive/2015s2/MACK-LP2-teoria-22-projeto-tutoriado/netbeans/LP2Teoria22/web/adicionar_usuario.html</file>
            <file>file:/C:/Users/Tomaz/OneDrive/Tomaz/_Docs/@Archive/2015s2/MACK-LP2-teoria-22-projeto-tutoriado/netbeans/LP2Teoria22/web/apagar_usuario.jsp</file>
            <file>file:/C:/Users/Tomaz/OneDrive/Tomaz/_Docs/@Archive/2015s2/MACK-LP2-teoria-22-projeto-tutoriado/netbeans/LP2Teoria22/web/editar_usuario.jsp</file>
            <file>file:/C:/Users/Tomaz/OneDrive/Tomaz/_Docs/@Archive/2015s2/MACK-LP2-teoria-22-projeto-tutoriado/netbeans/LP2Teoria22/web/index.html</file>
            <file>file:/C:/Users/Tomaz/OneDrive/Tomaz/_Docs/@Archive/2015s2/MACK-LP2-teoria-22-projeto-tutoriado/netbeans/LP2Teoria22/web/lista_usuarios.jsp</file>
            <file>file:/C:/Users/Tomaz/OneDrive/Tomaz/_Docs/@Archive/2015s2/MACK-LP2-teoria-22-projeto-tutoriado/netbeans/LP2Teoria22/src/java/gerenciador/controle/SalvarController.java</file>
            <file>file:/C:/Users/Tomaz/OneDrive/Tomaz/_Docs/@Archive/2015s2/MACK-LP2-teoria-22-projeto-tutoriado/netbeans/LP2Teoria22/src/java/gerenciador/controle/RemoverController.java</file>
            <file>file:/C:/Users/Tomaz/OneDrive/Tomaz/_Docs/@Archive/2015s2/MACK-LP2-teoria-22-projeto-tutoriado/netbeans/LP2Teoria22/src/java/gerenciador/controle/ControllerInterface.java</file>
        </group>
    </open-files>
</project-private>
